3162,"Dione","(999)8886234","Brazil"
9581,"Teodora","(999)8000303","Tanzania"
6400,"Harald","(999)7848758","China"
9791,"Jeana","(999)7214983","Russia"
9575,"Tally","(999)5628671","Slovenia"
1464,"Jakie","(999)4564166","Peru"
8246,"Lionello","(999)3745360","Colombia"
3261,"Wilt","(999)3664409","UnitedKingdom"
7314,"Bradly","(999)2753474","China"
4064,"Husein","(998)9906453","Russia"
883,"Verla","(998)9495200","China"
156,"Artur","(998)8828592","Russia"
995,"Carrie","(998)5782549","France"
2557,"Roslyn","(998)5720172","Thailand"
5147,"Casper","(998)5007502","China"
7257,"Karlen","(998)4339534","China"
7365,"Virginia","(998)3088803","Sweden"
807,"Rodge","(998)2880483","Indonesia"
5351,"Lacie","(998)1550355","Indonesia"
9913,"Adriena","(998)1327976","China"
2858,"Ynez","(997)9234248","China"
1291,"Solomon","(997)7914744","Finland"
6553,"Alister","(997)7826930","Indonesia"
7245,"Merill","(997)7777947","Peru"
9141,"Karlotte","(997)6875872","Portugal"
922,"Wilhelmina","(997)6809614","Indonesia"
3313,"Marina","(997)5917961","Japan"
4706,"Alecia","(997)4684737","Indonesia"
2689,"Tim","(997)4398737","Cameroon"
7699,"Margarethe","(997)3737119","China"
8505,"Alessandra","(997)2841857","Russia"
7710,"Lauren","(997)2571292","France"
9961,"Karina","(997)2392979","Brazil"
8721,"Diannne","(997)1712513","Finland"
9375,"Julio","(996)9691035","Bulgaria"
4757,"Lanie","(996)9547649","China"
7762,"Cammy","(996)9369243","Iran"
4442,"Teddie","(996)8052727","China"
9288,"Carlyle","(996)8051216","Kazakhstan"
4618,"Ruby","(996)7408055","Ukraine"
1573,"Marney","(996)7217998","Netherlands"
2444,"Kerianne","(996)5883117","Russia"
3577,"Gaye","(996)5501192","China"
4511,"Ellie","(996)4191644","Indonesia"
1396,"Elke","(996)2491734","Indonesia"
7005,"Genovera","(996)2374050","Sweden"
4333,"Basil","(996)1758678","Moldova"
2899,"Eunice","(996)1086238","Philippines"
1918,"Forbes","(995)9803394","China"
5456,"Erinn","(995)9237039","Botswana"
6415,"Dido","(995)9091855","China"
3337,"Elliott","(995)8400132","Brazil"
5613,"Juli","(995)7692203","France"
2650,"Laurena","(995)6821616","China"
3738,"Victoir","(995)6581894","Russia"
5254,"Iolanthe","(995)6414909","Thailand"
6035,"Sonnie","(995)5936370","Poland"
3310,"Dieter","(995)5847371","Indonesia"
3974,"Dwayne","(995)4763000","SouthKorea"
3967,"Micheal","(995)4197097","Bangladesh"
3010,"Shaun","(995)3115785","Gambia"
9149,"Harmonie","(995)2696817","Portugal"
442,"Vivianne","(995)2682079","Netherlands"
4175,"Sayre","(995)2532891","Russia"
5823,"Blanca","(995)1403291","China"
7724,"Guenevere","(995)1125337","Poland"
6383,"Selle","(994)8783419","Nigeria"
2040,"Arlyne","(994)7530367","Haiti"
8875,"Nerita","(994)5753449","China"
1580,"Tammy","(994)4484623","Honduras"
188,"Karlens","(994)4162495","Uzbekistan"
7935,"Baxy","(994)2019389","Kenya"
5783,"Elizabet","(994)1991723","Sweden"
1288,"Kerry","(994)1474654","Senegal"
8853,"Jonis","(993)9426773","Russia"
8510,"Faina","(993)9305905","China"
5562,"Cherianne","(993)9264129","Philippines"
2448,"Hewitt","(993)9254839","Netherlands"
1805,"Casandra","(993)9171569","Indonesia"
2609,"Chloris","(993)9087495","Finland"
2675,"Wiley","(993)8827124","China"
3891,"Brendan","(993)8821629","Colombia"
7760,"Randy","(993)8510578","Philippines"
8983,"Ealasaid","(993)6130140","Indonesia"
407,"Ardella","(993)4867756","Russia"
9011,"Mandi","(993)4056810","Senegal"
1532,"Jolene","(993)3904336","Philippines"
8817,"Roxanna","(993)3830056","Greece"
4400,"Kyrstin","(993)1897741","Indonesia"
3978,"Rubi","(993)1622433","Brazil"
331,"Raye","(993)1505980","Russia"
932,"Chrystal","(992)9465597","Thailand"
5669,"Antin","(992)9462993","Japan"
2455,"Keary","(992)8477990","Bulgaria"
5533,"Grethel","(992)7912811","Indonesia"
4552,"Cthrine","(992)6358752","Indonesia"
6354,"Gretta","(992)5672190","Vietnam"
6295,"Raven","(992)5429106","Russia"
2323,"Gibbie","(992)4804693","Japan"
399,"Natala","(992)3615447","Philippines"
2751,"Marinna","(992)1912082","France"
5742,"Morse","(991)9905871","Kazakhstan"
7687,"Gustave","(991)7916042","SouthAfrica"
1012,"Neale","(991)7505627","Mexico"
9387,"Costa","(991)7129959","Sweden"
4783,"Ibbie","(991)6922925","Guam"
5251,"Ade","(991)6771509","Peru"
4459,"Daphene","(991)6630773","Philippines"
8525,"Brittney","(991)6111452","Brazil"
553,"Claudio","(991)5708445","Philippines"
3466,"Zacharie","(991)4768140","Russia"
6433,"Ezmeralda","(991)4534847","Portugal"
4063,"Lucho","(991)2024229","Brazil"
2483,"Adoree","(991)1937694","Poland"
1546,"Fergus","(991)1682121","Sweden"
6083,"Rheba","(990)8525325","Russia"
6432,"Barthel","(990)7662099","China"
6370,"Shara","(990)7346909","Indonesia"
1131,"Marys","(990)7092462","Indonesia"
7681,"Florian","(990)6953402","Indonesia"
3062,"Matty","(990)6700368","Nicaragua"
4473,"Alexandro","(990)5058879","Russia"
7232,"Rubin","(990)4679225","Greece"
1324,"Eachelle","(990)3202572","Japan"
1105,"Wanda","(990)2966674","China"
4810,"Dud","(990)1510328","Russia"
657,"Augustin","(990)1449212","Nigeria"
6205,"Harrietta","(990)1148436","Philippines"
5030,"Ozzie","(989)9773401","Portugal"
3250,"Earl","(989)9711700","Portugal"
32,"Franzen","(989)8013146","Russia"
2772,"Eugene","(989)7814119","Argentina"
9632,"Ansley","(989)7590243","Argentina"
7677,"Janeva","(989)5908790","China"
3426,"Tremain","(989)4586033","Myanmar"
769,"Janis","(989)3422606","Indonesia"
311,"Erny","(989)3348374","Poland"
6975,"Amil","(989)2005885","UnitedStates"
1768,"Sharia","(989)1902326","Kenya"
3345,"Yolanda","(989)1897781","Argentina"
6163,"Regan","(989)1494197","Indonesia"
6023,"Aguie","(989)1118341","France"
8264,"Hube","(988)9027038","China"
2377,"Trueman","(988)8390639","CzechRepublic"
6656,"Benoit","(988)7042370","Brazil"
6484,"Tudor","(988)4881763","Armenia"
8133,"Bil","(988)4310952","France"
4326,"Ethelred","(988)4058355","Ecuador"
2804,"Madelina","(988)3120009","CzechRepublic"
2725,"Hazel","(988)2422608","China"
8447,"Harold","(988)1873153","China"
2148,"Emelda","(988)1578685","Portugal"
6477,"Nobie","(988)1133724","China"
8361,"Deidre","(987)9670253","Indonesia"
6211,"Dex","(987)7732721","SouthAfrica"
6939,"Michaella","(987)7565357","Indonesia"
9467,"Shea","(987)7485601","Tanzania"
2484,"Earl","(987)6583281","Bulgaria"
6952,"Richmound","(987)4314260","Philippines"
7445,"Cathi","(987)3997116","Slovenia"
6674,"Krispin","(987)2782709","Greece"
6559,"Meier","(987)2664455","Poland"
5539,"Winnifred","(987)1201972","Kenya"
8878,"Mallissa","(986)9998933","Portugal"
4856,"Lorette","(986)8794427","China"
1991,"Reynolds","(986)5158648","Portugal"
6497,"Charlton","(986)4181463","Norway"
3505,"Ingamar","(986)4035986","Portugal"
6177,"Christopher","(986)1695125","Egypt"
740,"Richie","(986)1538298","Iran"
1874,"Camellia","(985)9314711","Colombia"
8336,"Mirabelle","(985)8741657","China"
2304,"Jaymie","(985)6141396","Portugal"
6219,"Roldan","(985)5882913","China"
2629,"Bunnie","(985)5739819","Thailand"
8335,"Vic","(985)5167159","China"
493,"Sharleen","(985)4889525","Slovenia"
6873,"Ricki","(985)4326745","Albania"
9560,"Aprilette","(985)3017994","SouthAfrica"
6141,"Byrann","(985)2844631","CzechRepublic"
4470,"Peadar","(985)1982956","Venezuela"
8747,"Giustino","(985)1792298","Lebanon"
1672,"Jean","(985)1095591","China"
5849,"Myron","(984)8129984","Cameroon"
7914,"Chandra","(984)8059499","Mexico"
8024,"Sacha","(984)6162497","Poland"
455,"Elladine","(984)6144906","Brazil"
6986,"Bethina","(984)5462271","Indonesia"
5524,"Justus","(984)4486470","Philippines"
6062,"Anabelle","(984)3458230","Iran"
5649,"Warden","(984)2000024","China"
5916,"Linet","(983)9392166","Indonesia"
2418,"Darrel","(983)9059603","Greece"
1875,"Virgina","(983)7370473","China"
301,"Antony","(983)6754391","Poland"
7050,"Em","(983)6031866","Venezuela"
5778,"Dennie","(983)4939193","CzechRepublic"
5865,"Pen","(983)4742915","Canada"
8257,"Virgil","(983)1748719","China"
5619,"Dixie","(982)9775750","Portugal"
3476,"Noland","(982)9765368","Portugal"
1289,"Antonin","(982)9400936","China"
7678,"Theresina","(982)7388461","BosniaandHerzegovina"
4820,"Karalynn","(982)5802460","Philippines"
9046,"Merla","(982)4039183","Sweden"
3038,"Edyth","(982)3991166","Azerbaijan"
185,"Lexi","(982)3833527","Syria"
3245,"Kailey","(982)3199995","Sweden"
6290,"Zorine","(982)2949215","Colombia"
1665,"Shalne","(982)2094640","NewZealand"
8617,"Nat","(982)1052084","Portugal"
8356,"Shandee","(981)8936313","Japan"
3889,"Codie","(981)6454595","SouthAfrica"
7096,"Daryle","(981)6256090","Brazil"
7006,"Turner","(981)6226061","China"
1502,"Dominik","(981)6081852","China"
9438,"Borg","(981)5862156","Russia"
3644,"Bert","(981)3381806","Mexico"
3832,"Aleksandr","(981)2514864","Indonesia"
4548,"Antons","(981)2424261","Libya"
9148,"Sandra","(981)2165787","Indonesia"
2231,"Rosemonde","(981)1013607","Philippines"
9960,"Drugi","(981)1011285","Pakistan"
7675,"Earlie","(980)8239117","Russia"
1749,"Burr","(980)7250379","Yemen"
7573,"Win","(980)6564710","Philippines"
4242,"Ora","(980)6154304","Indonesia"
4188,"Sindee","(980)5550197","France"
4072,"Forbes","(980)2371061","China"
8564,"Thea","(980)1980816","Azerbaijan"
272,"Evered","(980)1542136","Philippines"
3387,"Viviana","(980)1489491","Indonesia"
3693,"Sena","(979)9902492","Indonesia"
689,"Leone","(979)9684965","Serbia"
2083,"Valenka","(979)9365637","China"
4707,"Clemence","(979)7947525","Venezuela"
5995,"Milt","(979)5698819","France"
6267,"Nonie","(979)3201002","Cambodia"
2312,"Griffith","(979)3063050","Norway"
6051,"Batsheva","(979)1697525","Philippines"
4261,"Flynn","(978)9358651","Laos"
133,"Salvidor","(978)6679875","Philippines"
3922,"Ellen","(978)6485109","Portugal"
2102,"Clemence","(978)5086138","Vietnam"
9620,"Gayla","(978)4912132","China"
70,"Mehetabel","(978)4321119","China"
2391,"Woodman","(978)4132593","Colombia"
2525,"Jennie","(978)2643585","Indonesia"
2024,"Pam","(978)1698426","Ukraine"
4673,"Gibb","(978)1492115","Colombia"
3527,"Codie","(977)9077056","China"
3623,"Ernie","(977)8672792","Armenia"
6542,"Nada","(977)8222145","Bangladesh"
5472,"Anny","(977)8085587","Brazil"
6301,"Tresa","(977)8075402","China"
8706,"Jack","(977)6677049","Mexico"
8956,"Ado","(977)5727372","Brazil"
391,"Janifer","(977)5559190","Colombia"
4687,"Danya","(977)5468558","China"
2882,"Cam","(977)4795142","Ethiopia"
383,"Alec","(977)4055494","Finland"
787,"Penny","(977)2200584","Poland"
3139,"Pet","(977)1391442","Indonesia"
1633,"Chester","(977)1084281","Brazil"
6800,"Vyky","(976)7773383","China"
8437,"Gaynor","(976)7516671","France"
1839,"Wendi","(976)6478490","Greece"
6036,"Locke","(976)6139054","Poland"
8657,"Saxon","(976)5939492","Japan"
6769,"Beauregard","(976)5837981","China"
7409,"Dominick","(976)5165144","Indonesia"
4633,"Bette-ann","(976)2556917","France"
153,"Dorree","(976)1769980","Thailand"
4697,"Alaric","(975)9112218","Sweden"
1567,"Nonnah","(975)7979159","Iran"
829,"Ado","(975)7953171","Poland"
6459,"Jania","(975)7914845","Ethiopia"
1552,"Melantha","(975)7410292","Peru"
2036,"Chevy","(975)7150153","Japan"
2596,"Silva","(975)6639672","Indonesia"
2415,"Stephani","(975)5025211","Sweden"
6947,"Dyane","(975)2798834","China"
4730,"Biddie","(974)9159063","Latvia"
8177,"Christa","(974)9089973","Bhutan"
3192,"Kennan","(974)8386447","Philippines"
9935,"Geralda","(974)8062069","China"
9394,"Trip","(974)7202718","Canada"
8000,"Devora","(974)5616821","CzechRepublic"
5631,"Cosette","(974)3587095","Brazil"
8113,"Eugene","(974)3514849","Malaysia"
5577,"Revkah","(974)2857319","Nigeria"
9458,"Torie","(974)1888814","Nigeria"
6679,"Linette","(973)9062325","China"
4835,"Hestia","(973)8590928","Brazil"
572,"Lolly","(973)8183386","Portugal"
4778,"Dunstan","(973)8085315","Kosovo"
8827,"Michaelina","(973)7228923","Indonesia"
6868,"Ardenia","(973)6134531","Panama"
3146,"Ardene","(973)5421812","Indonesia"
6379,"Carley","(973)5253039","NewCaledonia"
5413,"Vallie","(973)5022922","Reunion"
3910,"Gusta","(973)4706030","Indonesia"
8695,"Frieda","(973)4305271","Colombia"
4830,"Sigfrid","(973)4234499","Portugal"
1981,"Erasmus","(973)3475426","UnitedStates"
1231,"Franciskus","(973)2462398","China"
3076,"Iona","(973)2405185","Peru"
1736,"Janaya","(973)1946747","Mexico"
5381,"Andrew","(972)8503468","Greece"
3977,"Geralda","(972)8371325","Ecuador"
8241,"Mel","(972)8044051","Chad"
2103,"Selina","(972)6298807","Portugal"
5458,"Annetta","(972)5589917","Poland"
7617,"Colline","(972)3739299","China"
9392,"Muffin","(972)1990540","UnitedStates"
3888,"Rochella","(972)1604292","Poland"
3695,"Danell","(971)9554667","Cambodia"
6710,"Bale","(971)9375335","Serbia"
3472,"Leigh","(971)7875814","China"
1714,"Allie","(971)4384450","Japan"
6554,"Petronella","(971)3595433","Cameroon"
6798,"Shirlee","(971)3017656","China"
9013,"Pren","(971)2607279","Thailand"
6560,"Rudd","(971)2363436","Indonesia"
2163,"Stephan","(971)2294781","Uruguay"
2741,"Roth","(970)9165360","Indonesia"
8744,"Lizabeth","(970)8403646","Ukraine"
2517,"Wiatt","(970)5350171","Russia"
1295,"Courtnay","(970)4723868","Brazil"
1312,"Maurizio","(970)3874211","Armenia"
9372,"Mose","(970)3166294","Uganda"
4482,"Beverie","(970)1175916","Poland"
5594,"Emalia","(969)9703341","China"
9988,"Ebony","(969)9641624","Portugal"
5880,"Haleigh","(969)9590437","Indonesia"
5412,"Talyah","(969)9268053","China"
5329,"Sheila","(969)8634503","Brazil"
8816,"Travus","(969)8396510","China"
7385,"Jefferson","(969)7993396","Bahrain"
3894,"Alexandre","(969)7395406","Finland"
4807,"Jard","(969)5473568","China"
3698,"Isabelle","(969)5236164","Japan"
275,"Vikki","(969)4046486","Angola"
8448,"Willette","(969)2378593","Peru"
9380,"Robinette","(969)2164980","Sweden"
2059,"Jasmine","(969)2080867","Japan"
1832,"Jasmina","(969)1938774","Indonesia"
7755,"Morena","(969)1602455","China"
4171,"Quintana","(968)9441967","Peru"
2247,"Skip","(968)8338877","Indonesia"
8456,"Edd","(968)7393081","SaintLucia"
5682,"Caroline","(968)6238006","Sweden"
5505,"Cale","(968)5198796","Peru"
9719,"Jed","(968)5111559","Poland"
8974,"Chaddy","(968)5042182","Indonesia"
1013,"Marjie","(968)4510305","Russia"
2180,"Sammy","(968)4104518","Russia"
3276,"Dorothea","(968)2422086","Indonesia"
7124,"Sherye","(968)1426943","Philippines"
637,"Morgan","(968)1029894","Greece"
2041,"Matty","(967)9948361","SouthKorea"
3386,"Melosa","(967)9393320","Indonesia"
1812,"Cordula","(967)8951327","Brazil"
9621,"Joly","(967)8305246","Indonesia"
8411,"Aurora","(967)7212266","China"
5038,"Karoly","(967)5166726","Russia"
5422,"Mord","(967)4298182","Indonesia"
6597,"Jane","(967)3565156","UnitedArabEmirates"
8288,"Danielle","(967)3087209","Comoros"
3492,"Brandy","(967)2205296","Portugal"
3961,"Farleigh","(966)9657621","China"
4206,"Edgar","(966)9012381","Morocco"
5989,"Roi","(966)6511395","China"
1403,"Ashlan","(966)5650109","Tunisia"
7300,"Pyotr","(966)4777485","Slovenia"
3362,"Ilaire","(966)3114763","Latvia"
433,"Shalne","(966)2429195","China"
3149,"Arden","(966)1917634","Poland"
106,"Heidi","(965)7685648","Japan"
8689,"Cicely","(965)4845752","Botswana"
5457,"Nicolette","(965)4836718","Indonesia"
5470,"Krishna","(965)4518258","Poland"
7513,"Rozamond","(965)3843987","Bolivia"
6574,"Marsh","(965)3148629","Hungary"
3294,"Marlee","(965)2599658","Slovenia"
9998,"Elianore","(965)2189838","China"
8930,"Gail","(965)1727229","Portugal"
2465,"Maribelle","(965)1591760","China"
1627,"Maybelle","(964)9304576","Afghanistan"
7648,"Sandi","(964)7379013","Thailand"
4452,"Geoffrey","(964)6866677","Philippines"
3464,"Ola","(964)5218401","NewZealand"
278,"Norene","(964)4134456","China"
7557,"Melanie","(964)2702807","China"
5887,"Joice","(963)9720620","China"
9726,"Dennis","(963)9101184","Ukraine"
3509,"Curr","(963)8530685","Peru"
1173,"Alida","(963)6799361","Venezuela"
4049,"Nanette","(963)6519649","Brazil"
2651,"Callida","(963)5607800","Philippines"
9365,"Malory","(963)4696035","Philippines"
4929,"Micheil","(963)4063276","Philippines"
1804,"Ainslee","(963)2144631","Bangladesh"
5491,"Corabelle","(963)2117895","Vietnam"
1256,"Had","(963)2115020","Canada"
7990,"Pollyanna","(963)1757769","Moldova"
941,"Deana","(963)1743996","Greece"
640,"Rabi","(962)9979862","DemocraticRepublicoftheCongo"
8752,"Brigid","(962)8599014","PapuaNewGuinea"
3636,"Tarrah","(962)7773571","Thailand"
9823,"Gaye","(962)7346914","Philippines"
5424,"Fidela","(962)6403973","PalestinianTerritory"
4349,"Timofei","(962)5350141","Poland"
6118,"Kienan","(962)4865518","Portugal"
6852,"Olympia","(962)3790204","CostaRica"
7120,"Murial","(962)3578901","China"
8688,"Haslett","(962)2056316","China"
5319,"Gottfried","(962)1768770","China"
4764,"Cele","(962)1424509","Portugal"
6111,"Ichabod","(961)8023996","PapuaNewGuinea"
5587,"Jeniece","(961)7281966","Brazil"
8043,"Artie","(961)5996863","Israel"
3354,"Zolly","(961)3221526","Mexico"
5822,"Melessa","(961)1148023","Kenya"
298,"Leyla","(960)9219043","Portugal"
2468,"Hildegaard","(960)9129577","Poland"
4181,"Fallon","(960)7538207","China"
8488,"Cate","(960)6470409","Vietnam"
2545,"Janith","(960)3379029","Slovenia"
108,"Alison","(960)2465662","Mexico"
1905,"Miguel","(960)2218927","Indonesia"
5839,"Waldemar","(959)9554091","China"
9424,"Nata","(959)9235213","Indonesia"
1764,"Jarrad","(959)8709955","Russia"
5626,"Ansell","(959)8674912","Jordan"
6516,"Kissie","(959)8189148","Philippines"
9822,"Harrison","(959)8078184","Finland"
6997,"Dorelle","(959)7193245","Indonesia"
1559,"Bren","(959)7152225","BosniaandHerzegovina"
7265,"Dugald","(959)6472869","Brazil"
9868,"Lorettalorna","(959)3151478","Brazil"
7259,"Nady","(958)9289982","China"
3023,"Ginelle","(958)8931051","Afghanistan"
4145,"Oliviero","(958)7561233","China"
6647,"Ernie","(958)7446262","Philippines"
3525,"Felicity","(958)7412984","China"
2884,"Vasily","(958)6410752","France"
5627,"Roberta","(958)5189482","IvoryCoast"
4485,"Cecilio","(958)5178701","Vietnam"
1602,"Charmian","(958)4991658","China"
7127,"Donielle","(958)3918027","China"
3624,"Deloris","(958)2012824","Canada"
6280,"Lynnette","(958)1109446","Belarus"
5333,"Pascale","(957)9917634","Zimbabwe"
1591,"Freddy","(957)9020105","Bolivia"
4746,"Raymund","(957)7590777","China"
2003,"Angelo","(957)7386844","Sweden"
8307,"Marlene","(957)6454902","China"
2653,"Adoree","(957)6180112","Portugal"
9880,"Veronika","(957)5965816","China"
1413,"Laural","(957)5905424","Netherlands"
5166,"Maurie","(957)3846561","China"
4381,"Linnea","(957)3556513","Bolivia"
9264,"Francisca","(956)8662576","China"
3600,"Umberto","(956)8609301","Malawi"
3130,"Zenia","(956)8554118","Indonesia"
9462,"Chuck","(956)7312851","Brazil"
592,"Tedra","(956)6636512","Egypt"
1446,"Cherish","(956)5284131","Armenia"
1824,"Currie","(956)5190212","Philippines"
750,"Martita","(956)4974898","Ukraine"
8041,"Joella","(956)3546841","Sweden"
7062,"Valery","(956)1851941","China"
9895,"Bertie","(955)9824652","Iran"
8800,"Karlotta","(955)8909991","CzechRepublic"
9086,"Ole","(955)7413318","Denmark"
9807,"Helenka","(955)6287494","Poland"
6603,"Wyn","(955)5636066","Indonesia"
5651,"Carr","(955)5096515","Peru"
118,"Taryn","(955)3801735","Norway"
6088,"Codee","(955)3094847","China"
9582,"Tamas","(955)2644961","China"
5185,"Koral","(955)1379251","China"
4487,"Jorie","(954)8783778","China"
90,"Chrystal","(954)8264988","Ethiopia"
4364,"Bernie","(954)6122807","China"
7962,"Loutitia","(954)5847779","Uruguay"
3952,"Robbie","(954)5795705","Indonesia"
6183,"Douglass","(954)5258108","PapuaNewGuinea"
526,"Allegra","(954)4533443","Indonesia"
4920,"Daveen","(954)1916736","Philippines"
667,"Garret","(954)1383154","China"
8884,"Shandy","(954)1381393","Lithuania"
9598,"Nancey","(953)7281738","China"
438,"Brewer","(953)6805312","Indonesia"
498,"Regan","(953)6366505","Indonesia"
4711,"Hanson","(953)6325351","PapuaNewGuinea"
3093,"Kimmie","(953)6320292","Netherlands"
8214,"Luz","(953)5797123","Angola"
7940,"Gwenni","(953)5093983","Philippines"
2950,"Bobby","(953)4868929","Philippines"
9474,"Hartley","(953)3067107","DominicanRepublic"
6820,"Joey","(953)2534340","Argentina"
4902,"Hyacintha","(953)2112988","Portugal"
6846,"Otes","(952)9837923","China"
9347,"Les","(952)9510343","Poland"
6979,"Bernhard","(952)9184746","Portugal"
2683,"Annabela","(952)8415622","Philippines"
97,"Alric","(952)8118623","Nigeria"
7197,"Corrine","(952)7798490","UnitedStates"
5586,"Katerine","(952)7749206","China"
9684,"Fielding","(952)7731628","Philippines"
4193,"Marilee","(952)6063567","Philippines"
3766,"Quintin","(952)5767755","Peru"
9087,"Boony","(952)5647294","UnitedStates"
9321,"Cozmo","(952)3947633","Germany"
3289,"Catharina","(952)3562605","DemocraticRepublicoftheCongo"
6473,"Lucinda","(952)3480630","Kenya"
2008,"Louie","(952)3222310","China"
4361,"Lynn","(952)2787581","China"
2802,"Kimball","(952)2667754","Sweden"
8531,"Katina","(952)1118041","Croatia"
9746,"Elayne","(951)9992642","DominicanRepublic"
513,"Natty","(951)9391018","UnitedStates"
8129,"Zola","(951)9287302","Sweden"
1404,"Torr","(951)9125413","Serbia"
169,"Desmond","(951)8473648","UnitedStates"
5894,"Annabella","(951)8441888","CapeVerde"
8759,"Arney","(951)8165084","Russia"
2880,"Lorrin","(951)7261606","China"
9847,"Jannelle","(951)5231080","Germany"
3765,"Elinore","(951)4448563","Sweden"
6157,"Kermie","(951)4397963","Japan"
8006,"Early","(951)2167197","Niger"
6223,"Hansiain","(951)1960483","Togo"
839,"Catherina","(951)1951315","Philippines"
2274,"Blair","(951)1542835","Serbia"
6619,"Joe","(950)9061482","China"
4582,"Pauly","(950)8595652","China"
1437,"Adey","(950)7634125","Poland"
5590,"Reggie","(950)7134179","China"
6122,"Osmund","(950)6745323","Canada"
7132,"Cheslie","(950)5611423","China"
3901,"Vitoria","(950)4695708","SriLanka"
1064,"Juliet","(950)2976547","Armenia"
2805,"Karla","(950)2934626","WesternSahara"
1961,"Jannel","(950)2864785","Brazil"
843,"Olive","(950)1901745","China"
208,"Gwenette","(949)8315953","Indonesia"
5420,"Jenda","(949)7859175","Indonesia"
5628,"Brody","(949)7588234","Russia"
5400,"Kingsly","(949)6803947","Philippines"
9207,"Adrienne","(949)6582225","Zambia"
3474,"Boote","(949)6118942","China"
2538,"Liva","(949)5898195","SouthAfrica"
8908,"Lizabeth","(949)5861394","Russia"
884,"Marvin","(949)5860062","Ukraine"
143,"Prue","(949)4886900","Brazil"
8953,"Clea","(949)4155980","Mauritius"
3658,"Gratiana","(949)2510904","Netherlands"
5075,"Zuzana","(949)2254846","UnitedStates"
1266,"Friedrich","(948)9567881","Philippines"
9737,"Alie","(948)9519006","Panama"
6808,"Leonidas","(948)8724183","Spain"
4449,"Desiri","(948)7218575","Russia"
3335,"Amitie","(948)5328584","Belarus"
412,"Cristian","(948)5304506","Philippines"
9473,"Bobbi","(948)4725894","Finland"
1727,"Stephie","(948)4473478","Poland"
8421,"Agnese","(948)3856000","Cyprus"
5921,"Gretta","(948)3227650","Peru"
6218,"Hewie","(948)2893353","China"
936,"Olive","(948)2829016","Poland"
3434,"Ansel","(948)2641345","Madagascar"
6142,"Fidelio","(948)2523951","Philippines"
8961,"Curcio","(948)2334614","SouthAfrica"
979,"Sax","(947)9680705","China"
235,"Fairleigh","(947)9168306","Portugal"
2736,"Sebastien","(947)9052534","China"
3011,"Ronald","(947)8286395","China"
5675,"Tobiah","(947)7730687","Croatia"
5004,"Levy","(947)4597932","Panama"
6761,"Kirstin","(947)3740155","China"
6158,"Jannel","(947)2604079","Brazil"
712,"Marcellus","(947)2256771","Russia"
8533,"Lilllie","(946)8826737","Poland"
9251,"Gerardo","(946)6952016","Croatia"
5322,"Kenon","(946)6314006","China"
3495,"Pearline","(946)6295374","Panama"
9190,"Pepi","(946)5332805","France"
5388,"Farris","(946)3668100","China"
5521,"Jandy","(946)2889148","Slovenia"
8684,"Brear","(946)1682144","Russia"
2035,"Marrissa","(946)1079648","Pakistan"
429,"Salvidor","(946)1070322","Indonesia"
2859,"Clarke","(945)9942476","Indonesia"
5029,"Jessalin","(945)9730392","Philippines"
5430,"Piotr","(945)9608171","Japan"
112,"Marjie","(945)8978274","Kosovo"
1786,"Cass","(945)5012022","Serbia"
6813,"Sapphira","(945)3768128","Pakistan"
5046,"Ninnette","(945)3056477","China"
9022,"Harley","(945)2628416","Poland"
8294,"Malorie","(945)2545612","Cyprus"
1613,"Isa","(945)2371512","Guatemala"
1821,"Dmitri","(945)1391178","Macedonia"
1378,"Marysa","(944)8588982","China"
4565,"Latrina","(944)7780415","China"
3726,"Tarrah","(944)7611784","Canada"
9170,"Margit","(944)5481936","Indonesia"
5796,"Ransom","(944)5353550","China"
6504,"Alfred","(944)4814537","China"
4752,"Siward","(944)4180803","Poland"
6424,"Shannen","(944)2898807","Poland"
7461,"Joby","(944)2774907","Indonesia"
2269,"Betteann","(943)6938205","Portugal"
4688,"Grange","(943)5842516","Russia"
1261,"Dore","(943)5684711","China"
7511,"Gisella","(943)4585384","Kazakhstan"
9071,"Maria","(943)3072989","China"
8957,"Giraldo","(943)3023717","Georgia"
4471,"Nicole","(943)2876637","Malaysia"
3578,"Ebeneser","(943)2347981","Latvia"
1004,"Karoly","(942)9957690","Canada"
6441,"Fredrika","(942)8613941","Vietnam"
221,"Sutton","(942)8283834","Colombia"
1754,"Lishe","(942)6598406","Peru"
6390,"Cristina","(942)6445523","China"
6278,"Maxie","(942)5643680","China"
7166,"Ruttger","(942)5526891","China"
144,"Sherry","(942)5367547","Portugal"
6224,"Tamara","(942)3249295","Kazakhstan"
5884,"Willamina","(942)2818739","Belarus"
2936,"Selinda","(942)2537401","China"
5021,"Glenn","(942)1822377","China"
9005,"Elmer","(942)1579326","Poland"
1791,"Malachi","(942)1256662","Russia"
5830,"Findlay","(942)1011636","Morocco"
3909,"Beverly","(941)9387156","Bangladesh"
2486,"Nara","(941)9194249","Japan"
7976,"Audrye","(941)7106149","France"
9673,"Quinlan","(941)7082996","Brazil"
3215,"Gillian","(941)6388451","Uzbekistan"
4960,"Bud","(941)5715272","Brazil"
9667,"Bailey","(941)5113901","Indonesia"
9591,"Robena","(941)5090361","UnitedStates"
2094,"Eberhard","(941)4896735","Japan"
9337,"Beck","(941)4787665","Brazil"
2290,"Emilio","(941)4421422","Australia"
4411,"Corny","(941)3844967","China"
2071,"Regan","(941)3467113","Mozambique"
2904,"Marthe","(941)3166597","Mali"
253,"Perren","(941)2989244","Montserrat"
7921,"Tedman","(941)1469690","China"
4291,"Lombard","(940)8391355","Belarus"
1283,"Skippy","(940)8375547","Canada"
6789,"Bradley","(940)7992152","Sweden"
3267,"Arther","(940)7763124","Indonesia"
3048,"Manny","(940)7749658","SouthAfrica"
1376,"Drud","(940)6503653","Indonesia"
2530,"Madelaine","(940)5907756","France"
7130,"Traci","(940)5322514","Russia"
8725,"Karisa","(940)3928726","Latvia"
5167,"Gerhard","(940)1176343","Japan"
5645,"Hillary","(939)9386712","Indonesia"
7837,"Barnabe","(939)8205806","Sweden"
4098,"Gayla","(939)7102253","Indonesia"
304,"Cart","(939)5890934","China"
5529,"Pammie","(939)5137804","Finland"
4744,"Adelaide","(939)4996361","Poland"
1171,"Zared","(939)3545315","Slovenia"
7191,"Yulma","(939)3153891","China"
7924,"Ede","(939)3068494","China"
1767,"Hamnet","(939)3038653","Denmark"
7004,"Binnie","(939)1793652","Sweden"
505,"Ingelbert","(938)9643538","Poland"
2730,"Sarette","(938)8727409","Nigeria"
8324,"Louella","(938)8447771","Libya"
2901,"Berri","(938)8262644","Portugal"
2994,"Sascha","(938)8182202","Mauritius"
5123,"Rosalinde","(938)8142567","Indonesia"
2738,"Clemens","(938)8000168","Indonesia"
261,"Eula","(938)7116662","China"
328,"Rowen","(938)6095811","Finland"
7891,"Barbra","(938)5620107","Tokelau"
6291,"Oriana","(938)3564729","Mongolia"
838,"Mimi","(937)7806728","Brazil"
6342,"Brose","(937)7794811","Slovenia"
7377,"Andras","(937)7619343","China"
6977,"Donovan","(937)6052937","Nigeria"
7612,"Bonni","(937)4040632","Zimbabwe"
4000,"Tanitansy","(937)3877189","China"
5618,"Kizzee","(937)3061526","Colombia"
3169,"Sandie","(937)2700595","Paraguay"
440,"Maye","(937)2669868","Portugal"
6652,"Nixie","(937)2607653","Peru"
1021,"Alisha","(937)2598321","Indonesia"
602,"Herby","(937)2591384","China"
4217,"Terry","(937)1785046","Portugal"
9733,"Melinde","(937)1717420","China"
515,"Helge","(937)1112105","Japan"
2927,"Angie","(936)9929846","Russia"
6181,"Silas","(936)9890913","China"
9567,"Giavani","(936)9299636","Indonesia"
721,"Ina","(936)8872288","Argentina"
458,"Shane","(936)8113404","Russia"
556,"Zabrina","(936)6897155","Thailand"
5421,"Helen-elizabeth","(936)6713427","Zambia"
2746,"Fionnula","(936)6176374","Indonesia"
2061,"Philipa","(936)2937390","Sweden"
927,"Christoph","(936)2663687","Honduras"
4635,"Meaghan","(936)1462780","Indonesia"
5143,"Merissa","(935)9886170","Poland"
7596,"Evanne","(935)9812876","Japan"
2169,"Josi","(935)9275331","Latvia"
700,"Leesa","(935)9107729","Philippines"
3259,"Bekki","(935)8595923","Poland"
2351,"Sharai","(935)8204343","France"
849,"Philip","(935)7957321","Japan"
8704,"Charis","(935)7373323","China"
4671,"Rheta","(935)6197296","Indonesia"
8703,"Melania","(935)6172925","Brazil"
8377,"Libby","(935)4275234","China"
2435,"Cris","(935)4014374","Indonesia"
3324,"Marla","(935)3654010","China"
7684,"Ferdy","(935)3236355","China"
559,"Titus","(935)1804844","Indonesia"
3141,"Ashbey","(935)1736471","Indonesia"
2438,"Hedy","(934)9890780","Japan"
1138,"Sherye","(934)9011828","Indonesia"
9035,"Kaspar","(934)8332104","China"
428,"Sherye","(934)6720241","Indonesia"
1042,"Gabriellia","(934)5684218","China"
1822,"Malina","(934)5391944","Indonesia"
1827,"Alyse","(934)2710372","Bolivia"
5938,"Tammy","(934)2610901","Finland"
6486,"Lynde","(934)2059024","Kenya"
8925,"Maris","(933)8926025","Chile"
8044,"Wynne","(933)5884484","Philippines"
8412,"Felicdad","(933)4879057","Peru"
2968,"Loy","(933)4776412","TrinidadandTobago"
79,"Dori","(933)2450859","China"
2137,"Inga","(933)1669294","Philippines"
9277,"Jacquelin","(932)8388415","China"
510,"Salomone","(932)8044780","Indonesia"
2472,"Rebekkah","(932)6143238","Indonesia"
9232,"Melany","(932)5627458","Russia"
3003,"Romeo","(932)4930118","China"
7035,"Roddie","(932)4427770","China"
9565,"Karry","(932)3783636","Sweden"
1547,"Iggie","(932)3183417","Poland"
9574,"Gertruda","(932)2295792","Brazil"
9722,"Calli","(931)9616231","Philippines"
1122,"Timofei","(931)8993196","China"
9732,"Perrine","(931)8486802","Indonesia"
4996,"Yevette","(931)8245437","Botswana"
2564,"Marcelle","(931)7822423","Bangladesh"
8837,"Lena","(931)4727710","Brazil"
4088,"Salli","(931)3714740","Indonesia"
2546,"Marji","(931)3190849","Haiti"
2007,"Myranda","(931)2573920","Luxembourg"
7644,"Bendite","(931)2572745","Indonesia"
470,"Eben","(931)1782750","China"
7283,"Elberta","(931)1432815","Indonesia"
2544,"Drake","(931)1115317","China"
3154,"Tish","(930)9588182","China"
7146,"Dulcinea","(930)8277314","China"
5423,"Courtenay","(930)7999429","China"
57,"Harlie","(930)6695711","Latvia"
6015,"Valentin","(930)6616306","Russia"
6197,"Vance","(930)5590614","Mexico"
1168,"Abdel","(930)4397732","Peru"
543,"Sibylle","(930)4058049","Sweden"
2123,"Marline","(930)3857556","China"
5565,"Yanaton","(930)3447823","Indonesia"
101,"Dona","(930)1842544","Venezuela"
7308,"Elena","(930)1580946","Myanmar"
9862,"Magdalena","(930)1392478","SouthAfrica"
8351,"Norene","(930)1151993","CzechRepublic"
9879,"Chen","(929)9717987","China"
9358,"Dolley","(929)9589205","Indonesia"
5707,"Sibilla","(929)8605751","Indonesia"
6306,"Giustino","(929)7771011","France"
578,"Arlette","(929)6379860","Indonesia"
2326,"Margret","(929)6316428","Armenia"
3858,"Alisa","(929)5935949","Japan"
3326,"Boote","(929)5618137","Russia"
4474,"Kerby","(929)3066357","CostaRica"
5106,"Chucho","(929)1475597","Ukraine"
5248,"Phylis","(929)1257065","Cuba"
1228,"Enos","(928)9558271","Serbia"
1723,"Tracy","(928)9474720","Poland"
6958,"Adrianna","(928)8650804","Indonesia"
8548,"Burg","(928)8070957","Nigeria"
8211,"Dede","(928)7819729","Portugal"
4868,"Tatiana","(928)5808633","China"
2594,"Puff","(928)4804768","CzechRepublic"
5050,"Joanie","(928)4032407","Russia"
2541,"Estevan","(928)3403286","China"
4961,"Dalis","(928)2978810","China"
9542,"Bat","(928)2793127","Indonesia"
4725,"Parrnell","(928)1915543","Bolivia"
8046,"Cecile","(927)9911519","NewZealand"
992,"Griffith","(927)9835875","Finland"
1328,"Mala","(927)9470437","Sweden"
1872,"Dalis","(927)9320275","Vietnam"
635,"Alexine","(927)9016084","Indonesia"
4642,"Concettina","(927)6890898","China"
8798,"Harri","(927)5902308","Philippines"
5007,"Rich","(927)5431647","Greece"
7908,"Nealson","(927)5071405","CzechRepublic"
8061,"Marney","(927)4854895","France"
2539,"Faythe","(927)4715520","Philippines"
6451,"Ellerey","(927)2997633","China"
7848,"Karole","(927)2212425","Kazakhstan"
9964,"Timothy","(926)7807716","Brazil"
1310,"Beryl","(926)7550231","Armenia"
6450,"Adrea","(926)7321567","Russia"
9295,"Joeann","(926)4492861","SouthAfrica"
1542,"Kaia","(926)3596728","BosniaandHerzegovina"
9492,"Adair","(926)2567508","Liberia"
7602,"Sigfrid","(926)2011622","Poland"
7126,"Mersey","(926)1571719","China"
8608,"Gaylene","(925)7450568","Pakistan"
3482,"Carolin","(925)7245010","Brazil"
1415,"Abigail","(925)7090653","Russia"
3113,"Paxon","(925)4937654","Argentina"
396,"Prudy","(925)4189423","China"
4075,"Tricia","(925)3538087","Netherlands"
737,"Ofilia","(925)3506327","Portugal"
4116,"Dicky","(925)2087088","China"
3534,"Cosette","(925)1674937","Indonesia"
3060,"Tobie","(925)1533245","Peru"
6519,"Rina","(925)1159174","Nicaragua"
1321,"Keary","(924)9988037","Belarus"
3836,"Orville","(924)9667514","Uganda"
6867,"Chicky","(924)9591118","Greece"
7152,"Morlee","(924)8947373","Japan"
977,"Norris","(924)8327858","Kazakhstan"
6661,"Lev","(924)7112579","Ukraine"
6065,"Ogdan","(924)6789577","Peru"
9897,"Bert","(924)6168595","Egypt"
1281,"Billie","(924)4367980","Poland"
1669,"Rolf","(924)3513238","Brazil"
4006,"Urson","(924)3413298","Brazil"
1218,"Fergus","(924)3157742","Russia"
5818,"Kelsy","(924)1523384","Philippines"
1438,"Xymenes","(924)1074733","Belize"
5091,"Jeralee","(924)1070929","Greece"
5913,"Gonzalo","(923)8826973","Brazil"
476,"Wallie","(923)7546298","China"
135,"Cherida","(923)6433683","Indonesia"
6838,"Courtnay","(923)5664083","Colombia"
1354,"Juliette","(923)5309630","Thailand"
4020,"Silvan","(923)3897947","EastTimor"
6895,"Goober","(923)3360846","Sweden"
8987,"Ashby","(923)3141222","Portugal"
4332,"Isac","(923)2715523","Philippines"
9731,"Egbert","(923)1618938","Japan"
5139,"Enriqueta","(922)6922497","CzechRepublic"
2053,"Carmen","(922)5752980","Japan"
9167,"Casper","(922)5108556","China"
988,"Waylan","(922)3991497","SouthAfrica"
9696,"Madeleine","(922)3132431","CostaRica"
4344,"Melantha","(922)2457153","BosniaandHerzegovina"
7900,"Raddy","(922)1628399","China"
4772,"Mylo","(921)9153010","Indonesia"
9925,"Kassi","(921)9079198","China"
5215,"Reggie","(921)7948920","Estonia"
5985,"Jamesy","(921)6720982","France"
5279,"Abie","(921)6531086","Indonesia"
1022,"Erskine","(921)3948486","Syria"
2373,"Leonid","(921)3458911","Philippines"
7641,"Delmer","(921)3439660","Croatia"
4569,"Celinka","(921)3404739","China"
6565,"Cal","(920)9712224","Brazil"
6311,"Georgena","(920)7107369","China"
5629,"Robbi","(920)6915750","Chile"
2691,"Irene","(920)6581176","Brazil"
1475,"Pincus","(920)5913246","Brazil"
6336,"Rutter","(920)4128034","Pakistan"
9054,"Jobye","(920)3273369","Pakistan"
4813,"Clerissa","(920)2808841","France"
282,"Westbrook","(920)2067800","Spain"
7255,"Cathe","(920)1390733","Canada"
9845,"Clementine","(919)9767155","Indonesia"
1771,"Sid","(919)9295334","Chile"
5373,"Nye","(919)9157924","Brazil"
3203,"Terrell","(919)9034517","Zambia"
847,"Garik","(919)7128573","Nigeria"
8210,"Thornton","(919)7004490","Mongolia"
302,"Lockwood","(919)6638373","Venezuela"
3491,"Zarah","(919)2692254","Yemen"
686,"Ellswerth","(919)2450452","Ukraine"
9706,"Shayna","(919)1778414","Indonesia"
4320,"Natka","(919)1374414","China"
6439,"Howie","(918)9012458","Greece"
2196,"Gerry","(918)8076749","Ukraine"
7312,"Tessy","(918)6985099","Indonesia"
4867,"Aldwin","(918)6028098","Indonesia"
4562,"Jdavie","(918)5529538","Sweden"
7703,"Miranda","(918)5309031","Malaysia"
9980,"Corey","(918)3542545","Bolivia"
5621,"Idalia","(918)3166145","Spain"
5291,"Melicent","(918)1017413","China"
7695,"Julianne","(917)9680276","Ukraine"
1458,"Byron","(917)7386122","Indonesia"
1604,"Iseabal","(917)6068532","Russia"
4922,"Merna","(917)4771558","Sweden"
9335,"Evvy","(917)4411771","China"
3381,"Tatiania","(917)3780631","Russia"
2432,"Moina","(917)2295781","China"
7052,"Buck","(917)1961165","Indonesia"
39,"Henrietta","(916)8090362","Benin"
439,"Shirlene","(916)7713002","Indonesia"
8707,"Cash","(916)5598539","China"
8230,"Amye","(916)4607656","China"
694,"Cello","(916)4498804","Indonesia"
7198,"Gaston","(916)3549804","Japan"
3353,"Lane","(916)3374645","Ireland"
6262,"Kristan","(916)2600603","UnitedStates"
1755,"Bianka","(916)2585240","Indonesia"
8088,"Lenette","(916)2475552","Brazil"
4921,"Merwin","(915)9568306","UnitedStates"
3244,"Daphne","(915)9388084","Ukraine"
4087,"Biddie","(915)8946001","Iran"
371,"Farley","(915)8624585","Portugal"
4667,"Susann","(915)8238736","Poland"
1715,"Rog","(915)7588531","Iran"
8606,"Brook","(915)7505795","China"
3714,"Dagny","(915)7251952","UnitedStates"
868,"Alecia","(915)7104018","UnitedStates"
3672,"Gerri","(915)5221969","DemocraticRepublicoftheCongo"
9697,"Gaspar","(915)4938402","Poland"
1652,"Reagen","(915)3633878","Macedonia"
4911,"Chevalier","(915)2133101","Thailand"
4480,"Scotty","(915)1836132","Indonesia"
3868,"Carri","(915)1699607","Mexico"
7292,"Mallory","(915)1056445","Indonesia"
8169,"Twila","(914)9252258","Sweden"
1799,"Eugenia","(914)8954796","China"
4907,"Bambie","(914)7245986","Madagascar"
4184,"Humphrey","(914)6715826","Brazil"
5876,"Wenonah","(914)6637722","Philippines"
3357,"Jeff","(914)6633829","Argentina"
4399,"Berthe","(914)6110100","China"
2256,"Betty","(914)5214747","Colombia"
3382,"Carree","(914)4393010","Philippines"
3809,"Averil","(913)9283987","Poland"
3567,"Prudi","(913)9180746","China"
4103,"Kirbee","(913)8982658","Indonesia"
9951,"Arnaldo","(913)8074504","UnitedStates"
5990,"Yance","(913)8056435","China"
514,"Paulo","(913)7081106","Indonesia"
7621,"Charlie","(913)6868742","Indonesia"
9891,"Hank","(913)6318324","Iran"
23,"Kermy","(913)5927890","Indonesia"
5057,"Adriaens","(913)5661459","China"
3866,"Galvin","(913)5620503","UnitedStates"
5377,"Timmie","(913)5539229","China"
8928,"Isac","(913)3878604","Russia"
6888,"Elisha","(913)1962345","Brazil"
8623,"Hube","(912)7881377","Sweden"
9601,"Cari","(912)7808746","Guatemala"
3268,"Blondy","(912)7596659","Indonesia"
1662,"Misty","(912)7389255","France"
6320,"Veriee","(912)6478653","France"
4773,"Kiley","(912)5919062","Russia"
9260,"Hobey","(912)5791184","Paraguay"
3016,"Dara","(912)4653946","Russia"
2661,"Leo","(912)3805256","Indonesia"
7686,"Blondelle","(912)3068914","Russia"
5637,"Kin","(911)8480651","Macedonia"
9506,"Jackie","(911)7114759","Norway"
2191,"Ravi","(911)5842947","Indonesia"
3564,"Melody","(911)3569337","Philippines"
8914,"Brooke","(911)3270747","Portugal"
116,"Nicolai","(911)3233835","Indonesia"
5517,"Melania","(911)3225773","Thailand"
3432,"Colette","(911)1129018","Indonesia"
4913,"Willamina","(910)8726905","Ireland"
7752,"Junia","(910)7146779","Greece"
1643,"Fionnula","(910)6650524","UnitedStates"
7406,"Kristal","(910)5175592","Thailand"
4950,"Jodi","(910)3711779","China"
3352,"Colby","(910)3287294","Thailand"
4615,"Courtney","(910)1798100","Ethiopia"
4826,"Sawyere","(909)8549635","Portugal"
5374,"Zahara","(909)6582946","China"
1544,"Celeste","(909)6197179","China"
910,"Ransell","(909)5128255","China"
1225,"Kalina","(909)5115001","China"
2900,"Dewey","(909)3497606","Indonesia"
447,"Quincey","(909)1858317","Albania"
1882,"Bibby","(908)9738187","China"
3412,"Tadeas","(908)9461302","Guatemala"
931,"Ebenezer","(908)9438644","Portugal"
9004,"Uriel","(908)9418050","CzechRepublic"
2461,"Artie","(908)8260263","Yemen"
5308,"Gwenny","(908)7966637","China"